nombre,precio,imagen
Disco montado refrigerado...,$ 25.229,https://dentaleshop.com.co/7202-home_default/disco-montado-refrigerado-medio.jpg
Disco montado malla...,$ 25.229,https://dentaleshop.com.co/7206-home_default/disco-montado-malla-diamantado-azul.jpg
Encerador eléctrico una punta,$ 399.840,https://dentaleshop.com.co/7412-home_default/espatula-cera-electica-un-lapiz-2-puntas-denstar.jpg
Fresa Carburo Sirona para...,$ 128.911,https://dentaleshop.com.co/9830-home_default/fresa-carburo-sirona-para-disilicato-18-.jpg
"Fresa carburo Roland 2,0",$ 114.587,https://dentaleshop.com.co/7492-home_default/fresa-roland-20.jpg
CERA PARA CORONAS VERDE,$ 38.984,https://dentaleshop.com.co/9754-home_default/cera-para-coronas-verde-.jpg
CERA PERFORADA CADENETA ROJA,$ 86.241,https://dentaleshop.com.co/9766-home_default/cera-perforada-cadeneta-roja.jpg
Fresas de carburo x5 HP 56,No disponible,https://dentaleshop.com.co/7116-home_default/fresas-de-carburo-x5-hp-56.jpg
Disco montado refrigerado...,$ 25.229,https://dentaleshop.com.co/7202-home_default/disco-montado-refrigerado-medio.jpg
Disco montado malla...,$ 25.229,https://dentaleshop.com.co/7206-home_default/disco-montado-malla-diamantado-azul.jpg
Encerador eléctrico una punta,$ 399.840,https://dentaleshop.com.co/7412-home_default/espatula-cera-electica-un-lapiz-2-puntas-denstar.jpg
Fresa Carburo Sirona para...,$ 128.911,https://dentaleshop.com.co/9830-home_default/fresa-carburo-sirona-para-disilicato-18-.jpg
"Fresa carburo Roland 2,0",$ 114.587,https://dentaleshop.com.co/7492-home_default/fresa-roland-20.jpg
CERA PARA CORONAS VERDE,$ 38.984,https://dentaleshop.com.co/9754-home_default/cera-para-coronas-verde-.jpg
CERA PERFORADA CADENETA ROJA,$ 86.241,https://dentaleshop.com.co/9766-home_default/cera-perforada-cadeneta-roja.jpg
Fresas de carburo x5 HP 56,$ 42.097,https://dentaleshop.com.co/7116-home_default/fresas-de-carburo-x5-hp-56.jpg
Dientes en Resina Acrílica...,$ 10.200,https://dentaleshop.com.co/7906-home_default/resistal.jpg
Cepillo cerda crin de...,$ 3.115,https://dentaleshop.com.co/7154-home_default/cepillo-cerda-crin-de-caballo-mediano.jpg
Caja para laboratorio,$ 11.930,https://dentaleshop.com.co/7270-home_default/caja-para-laboratorio.jpg
Bandeja para mezcla de resinas,$ 371,https://dentaleshop.com.co/7498-home_default/bandeja-para-mezcla-de-resinas.jpg
DIENTES Starplus de Resina...,$ 19.000,https://dentaleshop.com.co/7648-home_default/starplus.jpg
Cono gris grano grueso,$ 564,https://dentaleshop.com.co/7067-home_default/cono-gris-grano-grueso.jpg
Cepillo para metal cerda...,$ 3.115,https://dentaleshop.com.co/7152-home_default/cepillos-para-metal-cerda-negra-mediano.jpg
DISCO para corte de metal...,$ 1.942,https://dentaleshop.com.co/7209-home_default/disco-para-corte-de-metal-de-bajo-olor210.jpg
